metric_name,status,errors,Gate1_DAG_pass_rate,Gate1_topo_pass_rate,GateS_S_p90,GateS_S_max,GateB_max_e_blend_p90,Gate4_jump_ratio_median,Gate4_switch_rate_mean,Gate4_success_rate
s_metric,ok,,1.0,1.0,0.0,0.0,0.8818684272202747,1.0189354885176902,0.5073333333333333,0.49333333333333335
x_position,ok,,1.0,1.0,0.0,0.0,0.8818684272202747,1.0189354885176902,0.5073333333333333,0.49333333333333335
wake_influence,error,gate4:AssertionError:,1.0,1.0,0.3060882299435413,0.31227488572405876,0.19123444872725112,nan,nan,0.0
random_fixed,ok,,1.0,1.0,0.0,0.0,0.0,0.0,0.0,1.0
constant,error,gate4:AssertionError:,1.0,1.0,0.3279916993610977,0.3362701022159434,0.0,nan,nan,0.0
