{
  "R_max": [
    0.5789250853674702,
    0.701457368979767,
    0.33197872384606214,
    0.73467977514905,
    0.9861801539994838,
    0.3654505386965504
  ],
  "R_min": [
    -0.5269817896109116,
    -0.32964694466035804,
    -0.6998235760594678,
    -0.3521387979652417,
    -0.3819109848348998,
    -0.4421392446345763
  ],
  "envelope_max": [
    0.654327826843269,
    0.7717599358188664,
    0.4023288806578028,
    0.8087810414977518,
    1.0794590952836463,
    0.42051347846912723
  ],
  "envelope_min": [
    -0.6023845310867103,
    -0.39994951149945746,
    -0.7701737328712085,
    -0.4262400643139434,
    -0.47518992611906236,
    -0.49720218440715314
  ],
  "fraction_outside_X_epsilon": 0.1864891846921797,
  "horizon": 12.0,
  "mc_runs": 25,
  "state_dim": 6
}