{
  "boundary_method": "faces",
  "escape_fraction": 1.0,
  "escape_time_median_sec": 0.1,
  "escape_time_p90_sec": 1.72,
  "escape_tol": 0.0,
  "face_escape_counts": {
    "d0_s0": 15,
    "d0_s1": 19,
    "d1_s0": 16,
    "d1_s1": 18,
    "d2_s0": 11,
    "d2_s1": 22,
    "d3_s0": 19,
    "d3_s1": 14,
    "d4_s0": 19,
    "d4_s1": 14,
    "d5_s0": 14,
    "d5_s1": 19
  },
  "gate": "Gate R",
  "horizon_sec": 6.0,
  "horizon_steps": 300,
  "num_boundary_samples": 200,
  "num_escapes": 200,
  "reachset_meta": {
    "R_max": [
      0.5782438543855266,
      0.701457368979767,
      0.33200408749346577,
      0.73467977514905,
      0.9861801539994838,
      0.36279499133796395
    ],
    "R_min": [
      -0.5376544083280282,
      -0.32964694466035804,
      -0.6998219571032506,
      -0.3521387979652417,
      -0.3819109848348998,
      -0.4837428199190979
    ],
    "envelope_max": [
      0.654327826843269,
      0.7717599358188664,
      0.4023558632614237,
      0.8087810414977518,
      1.0794590952836463,
      0.42051347846912723
    ],
    "envelope_min": [
      -0.6137383807857706,
      -0.39994951149945746,
      -0.7701737328712085,
      -0.4262400643139434,
      -0.47518992611906236,
      -0.5414613070502612
    ],
    "fraction_outside_X_epsilon": 0.18635607321131448,
    "horizon": 12.0,
    "mc_runs": 25,
    "state_dim": 6
  },
  "reachset_source": "results/reachset/R_bounds.json"
}