{
  "J": 0.0,
  "J_raw": 0.0,
  "cfg_path": "configs/system.yaml",
  "e_norm": 1.0855109241138459,
  "episode_index": 0,
  "failure_type": "cycle",
  "jump_ratio": 0.0,
  "k_star": 0,
  "num_edges": 6,
  "pi": [
    0,
    1,
    2
  ],
  "seed": 1007,
  "t_star": 0.0,
  "tie_gap_min": 0.17897492964722306,
  "tie_pair": [
    0,
    1
  ],
  "x0": [
    0.28479505386287596,
    0.1058201242156529,
    -0.3056755544322874,
    -0.07468365691159573,
    -0.12994555478617908,
    -0.21208224424329086
  ]
}