{
  "A": [
    [
      0.0,
      1.0
    ],
    [
      -3.5,
      -2.2
    ]
  ],
  "P": [
    [
      1.3370129870129872,
      0.14285714285714296
    ],
    [
      0.14285714285714288,
      0.29220779220779225
    ]
  ],
  "alpha": 1.0,
  "c1": 0.27302693617196855,
  "c2": 1.356193843048811,
  "gate": "Gate 3.5",
  "lhs": 0.772537133582582,
  "mu": 1.0,
  "status": "PASS",
  "tau_d": 0.35
}