{
  "J_max_baseline": 0.0,
  "J_max_hybrid": 0.04056116028109219,
  "J_raw_max_hybrid": 0.656418321268567,
  "jump_ratio_hybrid": 0.061791633330577564,
  "switch_count_baseline": 0,
  "switch_count_hybrid": 9,
  "warning": null
}